slug,name,car_autohome_brand_id,id,source_id,alias,url,parent,checker_runtime_id,keywords,classified,classified_url,slug_global,logo_img,mum,first_letter,has_detailmodel,starting_price,classified_slug,thumbnail,pinyin,status,attribute,units,popular,on_sale,score,normalized_name,brand_area
dazhong,大众,1,30.0,5.0,,http://www.ganji.com/dazhong/,,7876.0,",dazhong,大众,dazhong",,,,13aa0d1b8820217b6a6fbbb2309de636.png,,D,1,,,13aa0d1b8820217b6a6fbbb2309de636.png?imageView2/1/w/80/h/80/,dazhong,Y,,0,B,1,0,,德系
toyota,丰田,3,38.0,5.0,,http://www.ganji.com/toyota/,,7884.0,",fengtian,丰田,fengtian",,,,600989f1e1d0be8f9895fa9752fb01c4.png,,F,1,,,600989f1e1d0be8f9895fa9752fb01c4.png?imageView2/1/w/80/h/80/,fengtian,Y,,0,B,1,0,,日系
ford,福特,8,39.0,5.0,,http://www.ganji.com/ford/,,7885.0,",fute,福特,fute",,,,fb9921728320d941d7dbd1d2d8136d9f.png,,F,1,,,fb9921728320d941d7dbd1d2d8136d9f.png?imageView2/1/w/80/h/80/,fute,Y,,0,B,1,0,,美系
chrysler,克莱斯勒,9,77.0,5.0,,http://www.ganji.com/chrysler/,,7923.0,",kelaisile,克莱斯勒,kelaisile",,,,b010f5c97014a1caced463141abe9133.png,,K,1,,,b010f5c97014a1caced463141abe9133.png?imageView2/1/w/80/h/80/,kelaisile,Y,,0,B,1,0,,美系
renault,雷诺,10,87.0,5.0,,http://www.ganji.com/renault/,,7933.0,",leinuo,雷诺,leinuo",,,,f9d84f37444c0276b64ed5040814c25e.png,,L,1,,,f9d84f37444c0276b64ed5040814c25e.png?imageView2/1/w/80/h/80/,leinuo,Y,,0,B,1,0,,法系
fiat,菲亚特,11,42.0,5.0,,http://www.ganji.com/fiat/,,7888.0,",feiyate,菲亚特,feiyate",,,,1580b705cf363bb0a91ba21103cf9241.png,,F,1,,,1580b705cf363bb0a91ba21103cf9241.png?imageView2/1/w/80/h/80/,feiyate,Y,,0,B,1,0,,欧系
hyundai,现代,12,129.0,5.0,,http://www.ganji.com/hyundai/,,7975.0,",xiandai,现代,xiandai",,,,272b157fbd303d0e284232600ed7b577.png,,X,1,,,272b157fbd303d0e284232600ed7b577.png?imageView2/1/w/80/h/80/,xiandai,Y,,0,B,1,0,,韩系
biaozhi,标致,13,14.0,5.0,,http://www.ganji.com/biaozhi/,,7860.0,",biaozhi,标致,biaozhi",,,,19680040c004d2067e3c904f8a15d67e.png,,B,1,,,19680040c004d2067e3c904f8a15d67e.png?imageView2/1/w/80/h/80/,biaozhi,Y,,0,B,1,0,,法系
car_autohome_brand_14,本田,14,,,,,,,",bentian,本田,bentian",,,,44b947ba4fd3ad2f950c01194e68bb0e.png,,B,1,,,44b947ba4fd3ad2f950c01194e68bb0e.png?imageView2/1/w/80/h/80/,bentian,Y,,0,B,1,0,,日系
bmw,宝马,15,9.0,5.0,,http://www.ganji.com/bmw/,,7855.0,",baoma,宝马,baoma",,,,d635e28ad9d8b1325d2ac9b1e7b1c2da.png,,B,1,,,d635e28ad9d8b1325d2ac9b1e7b1c2da.png?imageView2/1/w/80/h/80/,baoma,Y,,0,B,1,0,,德系
rongwei,荣威,19,109.0,5.0,,http://www.ganji.com/rongwei/,,7955.0,",rongwei,荣威,rongwei",,,,69a6b4738362eb64b83bcc91628bda90.png,,R,1,,,69a6b4738362eb64b83bcc91628bda90.png?imageView2/1/w/80/h/80/,rongwei,Y,,0,B,1,0,,国产
mg,名爵,20,93.0,5.0,,http://www.ganji.com/mg/,,7939.0,",mingjue,名爵,mingjue",,,,07ac092537ce7e826f32437a99b0246f.png,,M,1,,,07ac092537ce7e826f32437a99b0246f.png?imageView2/1/w/80/h/80/,mingjue,Y,,0,B,1,0,,国产
huachen-zhonghua,中华,22,63.0,5.0,,http://www.ganji.com/huachen-zhonghua/,,7909.0,",zhonghua,中华,zhonghua",,,,b7bbe0d3bcd7191f98d02a4fc26edf6c.jpg,,Z,1,,,b7bbe0d3bcd7191f98d02a4fc26edf6c.jpg?imageView2/1/w/80/h/80/,zhonghua,Y,,0,B,1,0,,国产
hafei,哈飞,24,52.0,5.0,,http://www.ganji.com/hafei/,,7898.0,",hafei,哈飞,hafei",,,,880814c2dd0a83ee437b543a494da85d.png,,H,1,,,eece063537518b95c6b80b022556ed05.png?imageView2/1/w/80/h/80/,hafei,Y,,0,B,1,0,,国产
car_autohome_brand_25,吉利汽车,25,,,,,,,",jiliqiche,吉利汽车,jiliqiche",,,,cb9e3e8a57499f9b181568779d046fb0.png,,J,1,,,cb9e3e8a57499f9b181568779d046fb0.png?imageView2/1/w/80/h/80/,jiliqiche,Y,,0,B,1,0,,国产
chery,奇瑞,26,105.0,5.0,,http://www.ganji.com/chery/,,7951.0,",qirui,奇瑞,qirui",,,,5c574cca779f4ae7bfb5f46808468b13.png,,Q,1,,,5c574cca779f4ae7bfb5f46808468b13.png?imageView2/1/w/80/h/80/,qirui,Y,,0,B,1,0,,国产
car_autohome_brand_27,北京,27,,,,,,,",beijing,北京,beijing",,,,,,B,1,,,,beijing,Y,,0,B,1,0,,国产
car_autohome_brand_32,东风,32,,,,,,,",dongfeng,东风,dongfeng",,,,e6230c2d10f0206b92446c3376f787ec.png,,D,1,,,321ad8dc4b1b92b702c313a64faa0c15.png?imageView2/1/w/80/h/80/,dongfeng,Y,,0,B,1,0,,国产
audi,奥迪,33,1.0,5.0,,http://www.ganji.com/audi/,,7847.0,",aodi,奥迪,aodi",,,,531912ec472bd0568ddc05ca43eb71ac.png,,A,1,,,531912ec472bd0568ddc05ca43eb71ac.png?imageView2/1/w/80/h/80/,aodi,Y,,0,B,1,0,,德系
alfaromeo,阿尔法・罗密欧,34,2.0,5.0,,http://www.ganji.com/alfaromeo/,,7848.0,",aerfa・luomiou,阿尔法・罗密欧,aerfa・luomiou",,,,590ae329607ce6a295c3334210514576.png,,A,1,,,590ae329607ce6a295c3334210514576.png?imageView2/1/w/80/h/80/,aerfa・luomiou,Y,,0,B,1,0,,欧系
astonmartin,阿斯顿・马丁,35,3.0,5.0,,http://www.ganji.com/astonmartin/,,7849.0,",asidun・mading,阿斯顿・马丁,asidun・mading",,,,61b76563144100050d0113f33dfde492.png,,A,1,,,61b76563144100050d0113f33dfde492.png?imageView2/1/w/80/h/80/,asidun・mading,Y,,0,B,1,0,,欧系
benz,奔驰,36,6.0,5.0,,http://www.ganji.com/benz/,,7852.0,",benchi,奔驰,benchi",,,,9af2620681581d6eec47907b8823855d.png,,B,1,,,9af2620681581d6eec47907b8823855d.png?imageView2/1/w/80/h/80/,benchi,Y,,0,B,1,0,,德系
bujiadi,布加迪,37,18.0,5.0,,http://www.ganji.com/bujiadi/,,7864.0,",bujiadi,布加迪,bujiadi",,,,4d89cd33a1d5384fa7fed20a8aa142e4.png,,B,1,,,4d89cd33a1d5384fa7fed20a8aa142e4.png?imageView2/1/w/80/h/80/,bujiadi,Y,,0,B,1,0,,德系
buick,别克,38,7.0,5.0,,http://www.ganji.com/buick/,,7853.0,",bieke,别克,bieke",,,,c41d3f6bac0a5b4e042ca4235405730c.png,,B,1,,,c41d3f6bac0a5b4e042ca4235405730c.png?imageView2/1/w/80/h/80/,bieke,Y,,0,B,1,0,,美系
bentley,宾利,39,8.0,5.0,,http://www.ganji.com/bentley/,,7854.0,",binli,宾利,binli",,,,920979ebc9b25626348779cf82d03737.png,,B,1,,,920979ebc9b25626348779cf82d03737.png?imageView2/1/w/80/h/80/,binli,Y,,0,B,1,0,,德系
porsche,保时捷,40,11.0,5.0,,http://www.ganji.com/porsche/,,7857.0,",baoshijie,保时捷,baoshijie",,,,fe5b7a1bf20fd7c68b65808c0c3d0161.png,,B,1,,,fe5b7a1bf20fd7c68b65808c0c3d0161.png?imageView2/1/w/80/h/80/,baoshijie,Y,,0,B,1,0,,德系
daoqi,道奇,41,29.0,5.0,,http://www.ganji.com/daoqi/,,7875.0,",daoqi,道奇,daoqi",,,,5a9afcd9824e55167b3915a3c69c438c.png,,D,1,,,695f77c4b0f563d6102d5167288e0030.png?imageView2/1/w/80/h/80/,daoqi,Y,,0,B,1,0,,美系
ferrari,法拉利,42,37.0,5.0,,http://www.ganji.com/ferrari/,,7883.0,",falali,法拉利,falali",,,,b47a79cdfa890eb26b321268600635d2.png,,F,1,,,b47a79cdfa890eb26b321268600635d2.png?imageView2/1/w/80/h/80/,falali,Y,,0,B,1,0,,欧系
hanma,悍马,43,56.0,5.0,,http://www.ganji.com/hanma/,,7902.0,",hanma,悍马,hanma",,,,5f5d3eb18a02eaa0ef811a83a4073bdf.png,,H,1,,,5f5d3eb18a02eaa0ef811a83a4073bdf.png?imageView2/1/w/80/h/80/,hanma,Y,,0,B,1,0,,美系
jiebao,捷豹,44,67.0,5.0,,http://www.ganji.com/jiebao/,,7913.0,",jiebao,捷豹,jiebao",,,,7f32050ae813751226a0f7ec45e2b026.png,,J,1,,,7f32050ae813751226a0f7ec45e2b026.png?imageView2/1/w/80/h/80/,jiebao,Y,,0,B,1,0,,欧系
smart,smart,45,1399.0,1.0,,http://www.51auto.com/search/b-smart/,,8051.0,",smart,smart,smart",,,,32a3999e7c2981a7105b860147538f86.png,,s,1,,,32a3999e7c2981a7105b860147538f86.png?imageView2/1/w/80/h/80/,smart,Y,,0,B,1,0,,德系
jeep,Jeep,46,74.0,5.0,,http://www.ganji.com/jeep/,,7920.0,",Jeep,Jeep,Jeep",,,,bc9fa4743ea32c8b1f0e615f815af3fc.png,,J,1,,,bc9fa4743ea32c8b1f0e615f815af3fc.png?imageView2/1/w/80/h/80/,Jeep,Y,,0,B,1,0,,美系
cadillac,凯迪拉克,47,76.0,5.0,,http://www.ganji.com/cadillac/,,7922.0,",kaidilake,凯迪拉克,kaidilake",,,,fa2045711680fe5ff3ff50c9b257deb7.png,,K,1,,,fa2045711680fe5ff3ff50c9b257deb7.png?imageView2/1/w/80/h/80/,kaidilake,Y,,0,B,1,0,,美系
lamborghini,兰博基尼,48,79.0,5.0,,http://www.ganji.com/lamborghini/,,7925.0,",lanbojini,兰博基尼,lanbojini",,,,fcbea7e8f749ebde034397592e0be491.png,,L,1,,,fcbea7e8f749ebde034397592e0be491.png?imageView2/1/w/80/h/80/,lanbojini,Y,,0,B,1,0,,欧系
landrover,路虎,49,83.0,5.0,,http://www.ganji.com/landrover/,,7929.0,",luhu,路虎,luhu",,,,81a3cb46f6847d83af44ccce07ef510d.png,,L,1,,,81a3cb46f6847d83af44ccce07ef510d.png?imageView2/1/w/80/h/80/,luhu,Y,,0,B,1,0,,欧系
lutesi,路特斯,50,2337.0,0.0,,,,,",lutesi,路特斯,lutesi",,,,91a247fdcbd78f830e501d1582dfd3ee.png,,L,1,,,91a247fdcbd78f830e501d1582dfd3ee.png?imageView2/1/w/80/h/80/,lutesi,Y,,0,B,1,0,,欧系
lincoln,林肯,51,84.0,5.0,,http://www.ganji.com/lincoln/,,7930.0,",linken,林肯,linken",,,,aa5ee06fc8347ea224216510f8718064.png,,L,1,,,aa5ee06fc8347ea224216510f8718064.png?imageView2/1/w/80/h/80/,linken,Y,,0,B,1,0,,美系
lexus,雷克萨斯,52,85.0,5.0,,http://www.ganji.com/lexus/,,7931.0,",leikesasi,雷克萨斯,leikesasi",,,,94b44ae8c956bac8b1f05274e131914e.png,,L,1,,,94b44ae8c956bac8b1f05274e131914e.png?imageView2/1/w/80/h/80/,leikesasi,Y,,0,B,1,0,,日系
suzuki,铃木,53,86.0,5.0,,http://www.ganji.com/suzuki/,,7932.0,",lingmu,铃木,lingmu",,,,05a3c51a6bc02483f3ca849ed251b67b.png,,L,1,,,9947996a043900da5aa8c849f562de473cf0be0c.jpg?imageView2/1/w/80/h/80/,lingmu,Y,,0,B,1,0,,日系
rolls-royce,劳斯莱斯,54,89.0,5.0,,http://www.ganji.com/rolls-royce/,,7935.0,",laosilaisi,劳斯莱斯,laosilaisi",,,,4701a5f362074e95f3692d4915bfd0b2.png,,L,1,,,4701a5f362074e95f3692d4915bfd0b2.png?imageView2/1/w/80/h/80/,laosilaisi,Y,,0,B,1,0,,欧系
car_autohome_brand_55,迈巴赫,55,3176.0,,,,,,",maibahe,迈巴赫,maibahe",,,,,,M,1,,,,maibahe,Y,,0,B,1,0,,国产
mini,MINI,56,94.0,5.0,,http://www.ganji.com/mini/,,7940.0,",MINI,MINI,MINI",,,,0203a87cecd85f12b00dc21f4794ed41.png,,M,1,,,0203a87cecd85f12b00dc21f4794ed41.png?imageView2/1/w/80/h/80/,MINI,Y,,0,B,1,0,,欧系
maserati,玛莎拉蒂,57,95.0,5.0,,http://www.ganji.com/maserati/,,7941.0,",mashaladi,玛莎拉蒂,mashaladi",,,,1f3d55894522c83004cf4264c40477c2.png,,M,1,,,1f3d55894522c83004cf4264c40477c2.png?imageView2/1/w/80/h/80/,mashaladi,Y,,0,B,1,0,,欧系
mazda,马自达,58,96.0,5.0,,http://www.ganji.com/mazda/,,7942.0,",mazida,马自达,mazida",,,,f3cdef3b7958092da5cb9215df75ad38.png,,M,1,,,f3cdef3b7958092da5cb9215df75ad38.png?imageView2/1/w/80/h/80/,mazida,Y,,0,B,1,0,,日系
opel,欧宝,59,101.0,5.0,,http://www.ganji.com/opel/,,7947.0,",oubao,欧宝,oubao",,,,249a74dd70045b7d601218c1e18aefdc.png,,O,1,,,249a74dd70045b7d601218c1e18aefdc.png?imageView2/1/w/80/h/80/,oubao,Y,,0,B,1,0,,德系
acura,讴歌,60,102.0,5.0,,http://www.ganji.com/acura/,,7948.0,",ouge,讴歌,ouge",,,,22da77c4660cb6a51c4f58739cb03c0e.png,,O,1,,,22da77c4660cb6a51c4f58739cb03c0e.png?imageView2/1/w/80/h/80/,ouge,Y,,0,B,1,0,,日系
kia,起亚,62,106.0,5.0,,http://www.ganji.com/kia/,,7952.0,",qiya,起亚,qiya",,,,5484a7dbf7b4655f32c0b6f5652adb2a.png,,Q,1,,,33b3d915d25fdb0c605f9caa04de9367.png?imageView2/1/w/80/h/80/,qiya,Y,,0,B,1,0,,韩系
richan,日产,63,107.0,5.0,,http://www.ganji.com/richan/,,7953.0,",richan,日产,richan",,,,1cb963014fe91a738d8e44a1c113f0f5.png,,R,1,,,1cb963014fe91a738d8e44a1c113f0f5.png?imageView2/1/w/80/h/80/,richan,Y,,0,B,1,0,,日系
saab,萨博,64,110.0,5.0,,http://www.ganji.com/saab/,,7956.0,",sabo,萨博,sabo",,,,6717a78bac5e3f5569cec63c6cb8708b.png,,S,1,,,6717a78bac5e3f5569cec63c6cb8708b.png?imageView2/1/w/80/h/80/,sabo,Y,,0,B,1,0,,欧系
subaru,斯巴鲁,65,111.0,5.0,,http://www.ganji.com/subaru/,,7957.0,",sibalu,斯巴鲁,sibalu",,,,7bfc45bb789f2d597eae77c9802a8ffd.png,,S,1,,,7bfc45bb789f2d597eae77c9802a8ffd.png?imageView2/1/w/80/h/80/,sibalu,Y,,0,B,1,0,,日系
shijue,世爵,66,119.0,5.0,,http://www.ganji.com/shijue/,,7965.0,",shijue,世爵,shijue",,,,12b939d67bf0f042ba47e1da79dd48a4.png,,S,1,,,12b939d67bf0f042ba47e1da79dd48a4.png?imageView2/1/w/80/h/80/,shijue,Y,,0,B,1,0,,欧系
skoda,斯柯达,67,114.0,5.0,,http://www.ganji.com/skoda/,,7960.0,",sikeda,斯柯达,sikeda",,,,660a290094eacc948c3eb40f749004f7.png,,S,1,,,660a290094eacc948c3eb40f749004f7.png?imageView2/1/w/80/h/80/,sikeda,Y,,0,B,1,0,,德系
mitsubishi,三菱,68,115.0,5.0,,http://www.ganji.com/mitsubishi/,,7961.0,",sanling,三菱,sanling",,,,903d43864f0edfbbb4b8677adb728843.png,,S,1,,,b4169883ff9c6c22a120ce58bfdfb867.png?imageView2/1/w/80/h/80/,sanling,Y,,0,B,1,0,,日系
shuanglong,双龙,69,116.0,5.0,,http://www.ganji.com/shuanglong/,,7962.0,",shuanglong,双龙,shuanglong",,,,bf88bf86b1a96569b42e34377c295943.png,,S,1,,,bf88bf86b1a96569b42e34377c295943.png?imageView2/1/w/80/h/80/,shuanglong,Y,,0,B,1,0,,国产
volvo,沃尔沃,70,124.0,5.0,,http://www.ganji.com/volvo/,,7970.0,",woerwo,沃尔沃,woerwo",,,,23d91f28ffdb99ffa2e27e9f877cd387.png,,W,1,,,23d91f28ffdb99ffa2e27e9f877cd387.png?imageView2/1/w/80/h/80/,woerwo,Y,,0,B,1,0,,欧系
chevrolet,雪佛兰,71,130.0,5.0,,http://www.ganji.com/chevrolet/,,7976.0,",xuefolan,雪佛兰,xuefolan",,,,cf54f764f34b84555e47df9a4d107b73.png,,X,1,,,cf54f764f34b84555e47df9a4d107b73.png?imageView2/1/w/80/h/80/,xuefolan,Y,,0,B,1,0,,美系
citroen,雪铁龙,72,131.0,5.0,,http://www.ganji.com/citroen/,,7977.0,",xuetielong,雪铁龙,xuetielong",,,,2023c4281bec23c6ef722b9ef15eead8.png,,X,1,,,2023c4281bec23c6ef722b9ef15eead8.png?imageView2/1/w/80/h/80/,xuetielong,Y,,0,B,1,0,,欧系
infiniti,英菲尼迪,73,135.0,5.0,,http://www.ganji.com/infiniti/,,7981.0,",yingfeinidi,英菲尼迪,yingfeinidi",,,,af9d3b55ff685be53201fd3207182be3.png,,Y,1,,,af9d3b55ff685be53201fd3207182be3.png?imageView2/1/w/80/h/80/,yingfeinidi,Y,,0,B,1,0,,日系
zhongxing,中兴,74,145.0,5.0,,http://www.ganji.com/zhongxing/,,7991.0,",zhongxing,中兴,zhongxing",,,,d22d7ef10789adc01572e62a4307b28b.png,,Z,1,,,d22d7ef10789adc01572e62a4307b28b.png?imageView2/1/w/80/h/80/,zhongxing,Y,,0,B,1,0,,国产
byd,比亚迪,75,13.0,5.0,,http://www.ganji.com/byd/,,7859.0,",biyadi,比亚迪,biyadi",,,,4272f575b9e2d0de8e3a4588bf5e39dc.png,,B,1,,,1ee5ce2feddc02e037b18972fccfd159.png?imageView2/1/w/80/h/80/,biyadi,Y,,0,B,1,0,,国产
car_autohome_brand_76,长安,76,,,,,,,",changan,长安,changan",,,,f42de11261c84e00c9f069928bb55525.png,,C,1,,,f42de11261c84e00c9f069928bb55525.png?imageView2/1/w/80/h/80/,changan,Y,,0,B,1,0,,国产
car_autohome_brand_77,长城,77,,,,,,,",changcheng,长城,changcheng",,,,c76dd341ad4633ab77da57e4e0654285.png,,C,1,,,c76dd341ad4633ab77da57e4e0654285.png?imageView2/1/w/80/h/80/,changcheng,Y,,0,B,1,0,,国产
liebao,猎豹汽车,78,22.0,5.0,,http://www.ganji.com/liebao/,,7868.0,",liebaoqiche,猎豹汽车,liebaoqiche",,,,47972047ad1cfc2b9bb803c618121bf8.png,,L,1,,,9e27e4b56a8139f3a9f199f77abe829f.png?imageView2/1/w/80/h/80/,liebaoqiche,Y,,0,B,1,0,,国产
changhe,北汽昌河,79,21.0,5.0,,http://www.ganji.com/changhe/,,7867.0,",beiqichanghe,北汽昌河,beiqichanghe",,,,a086bb34a52ec9ad9576e6c554e33ba6.png,,B,1,,,a086bb34a52ec9ad9576e6c554e33ba6.png?imageView2/1/w/80/h/80/,beiqichanghe,Y,,0,B,1,0,,国产
lifan,力帆汽车,80,81.0,5.0,,http://www.ganji.com/lifan/,,7927.0,",lifanqiche,力帆汽车,lifanqiche",,,,932ef93f3cdaba2324a995a142961acd.png,,L,1,,,932ef93f3cdaba2324a995a142961acd.png?imageView2/1/w/80/h/80/,lifanqiche,Y,,0,B,1,0,,国产
dongnan,东南,81,28.0,5.0,,http://www.ganji.com/dongnan/,,7874.0,",dongnan,东南,dongnan",,,,54f7985a8f22c3f88024d9eedd252bb2.png,,D,1,,,54f7985a8f22c3f88024d9eedd252bb2.png?imageView2/1/w/80/h/80/,dongnan,Y,,0,B,1,0,,国产
car_autohome_brand_82,广汽传祺,82,,,,,,,",guangqichuanqi,广汽传祺,guangqichuanqi",,,,a9b185fbb8e2a14042bf31532dfb216a.png,,G,1,,,a9b185fbb8e2a14042bf31532dfb216a.png?imageView2/1/w/80/h/80/,guangqichuanqi,Y,,0,B,1,0,,国产
huachen,金杯,83,62.0,5.0,,http://www.ganji.com/huachen/,,7908.0,",jinbei,金杯,jinbei",,,,d55ce8f525f23591c87f5b5252ce64c3.png,,J,1,,,d55ce8f525f23591c87f5b5252ce64c3.png?imageView2/1/w/80/h/80/,jinbei,Y,,0,B,1,0,,国产
jianghuai,江淮,84,69.0,5.0,,http://www.ganji.com/jianghuai/,,7915.0,",jianghuai,江淮,jianghuai",,,,8e990615eb487f0a15c9a0e6deaddee9.png,,J,1,,,8e990615eb487f0a15c9a0e6deaddee9.png?imageView2/1/w/80/h/80/,jianghuai,Y,,0,B,1,0,,国产
huapu,华普,85,57.0,5.0,,http://www.ganji.com/huapu/,,7903.0,",huapu,华普,huapu",,,,10b29a51426ce403d37ca729606d9f49.png,,H,1,,,10b29a51426ce403d37ca729606d9f49.png?imageView2/1/w/80/h/80/,huapu,Y,,0,B,1,0,,国产
haima,海马,86,55.0,5.0,,http://www.ganji.com/haima/,,7901.0,",haima,海马,haima",,,,f658849f997a6dfc643053fc948f41e3.png,,H,1,,,a9c97ae8f44e98bbaead46e44a5ff7be.png?imageView2/1/w/80/h/80/,haima,Y,,0,B,1,0,,国产
car_autohome_brand_87,华泰,87,,,,,,,",huatai,华泰,huatai",,,,f017cb9a4cb81e302ac96a1677c23478.png,,H,1,,,f017cb9a4cb81e302ac96a1677c23478.png?imageView2/1/w/80/h/80/,huatai,Y,,0,B,1,0,,国产
lufeng,陆风,88,91.0,5.0,,http://www.ganji.com/lufeng/,,7937.0,",lufeng,陆风,lufeng",,,,8e737deba0ab843ef685b07d35ff5895.png,,L,1,,,8e737deba0ab843ef685b07d35ff5895.png?imageView2/1/w/80/h/80/,lufeng,Y,,0,B,1,0,,国产
lotus,莲花汽车,89,82.0,5.0,,http://www.ganji.com/lotus/,,7928.0,",lianhuaqiche,莲花汽车,lianhuaqiche",,,,3ecba15daa93f5ff6b8d20be250b8128.png,,L,1,,,3ecba15daa93f5ff6b8d20be250b8128.png?imageView2/1/w/80/h/80/,lianhuaqiche,Y,,0,B,1,0,,欧系
shuanghuan,双环,90,113.0,5.0,,http://www.ganji.com/shuanghuan/,,7959.0,",shuanghuan,双环,shuanghuan",,,,e4ea943789611383b6230e91740fcddf.png,,S,1,,,e4ea943789611383b6230e91740fcddf.png?imageView2/1/w/80/h/80/,shuanghuan,Y,,0,B,1,0,,国产
hongqi,红旗,91,58.0,5.0,,http://www.ganji.com/hongqi/,,7904.0,",hongqi,红旗,hongqi",,,,20c29a195065a482d93dde36bcd0a10d.png,,H,1,,,20c29a195065a482d93dde36bcd0a10d.png?imageView2/1/w/80/h/80/,hongqi,Y,,0,B,1,0,,国产
car_autohome_brand_92,大发,92,3178.0,,,,,,",dafa,大发,dafa",,,,,,D,1,,,,dafa,Y,,0,B,1,0,,国产
yongyuanqiche,永源,93,142.0,5.0,,http://www.ganji.com/yongyuanqiche/,,7988.0,",yongyuan,永源,yongyuan",,,,bd338ef69b89b770e02abd33a46b2716.png,,Y,1,,,bd338ef69b89b770e02abd33a46b2716.png?imageView2/1/w/80/h/80/,yongyuan,Y,,0,B,1,0,,国产
zhongtai,众泰,94,144.0,5.0,,http://www.ganji.com/zhongtai/,,7990.0,",zhongtai,众泰,zhongtai",,,,1e26377cac9050771d75809fc8af222c.png,,Z,1,,,1e26377cac9050771d75809fc8af222c.png?imageView2/1/w/80/h/80/,zhongtai,Y,,0,B,1,0,,国产
benteng,奔腾,95,137.0,5.0,,http://www.ganji.com/benteng/,,7983.0,",benteng,奔腾,benteng",,,,8be6e797770f0a770ca77af155f12c51.png,,B,1,,,8be6e797770f0a770ca77af155f12c51.png?imageView2/1/w/80/h/80/,benteng,Y,,0,B,1,0,,国产
car_autohome_brand_96,福田,96,,,,,,,",futian,福田,futian",,,,4d9c1ea39d7143005b8a46044905e087.png,,F,1,,,4d9c1ea39d7143005b8a46044905e087.png?imageView2/1/w/80/h/80/,futian,Y,,0,B,1,0,,国产
huanghai,黄海,97,1464.0,2223.0,,http://www.che168.com/china/huanghai/,,,",huanghai,黄海,huanghai",,,,fe91e6b70ddfdb7e8930015324b7eb7a.png,,H,1,,,fe91e6b70ddfdb7e8930015324b7eb7a.png?imageView2/1/w/80/h/80/,huanghai,Y,,0,B,1,0,,国产
xiyate,西雅特,98,133.0,5.0,,http://www.ganji.com/xiyate/,,7979.0,",xiyate,西雅特,xiyate",,,,398f415d75fb4d49d63575041105ad57.png,,X,1,,,398f415d75fb4d49d63575041105ad57.png?imageView2/1/w/80/h/80/,xiyate,Y,,0,B,1,0,,德系
car_autohome_brand_99,威兹曼,99,3179.0,,,,,,",weiziman,威兹曼,weiziman",,,,,,W,1,,,,weiziman,Y,,0,B,1,0,,国产
kenisaige,科尼赛克,100,1382.0,1.0,,http://www.51auto.com/search/b-kenisaige/,,,",kenisaike,科尼赛克,kenisaike",,,,6a5d3d443755f353767709eb1650347e.png,,K,1,,,6a5d3d443755f353767709eb1650347e.png?imageView2/1/w/80/h/80/,kenisaike,Y,,0,B,1,0,,欧系
kairui,开瑞,101,78.0,5.0,,http://www.ganji.com/kairui/,,7924.0,",kairui,开瑞,kairui",,,,d102a66664bb99909eba576f4b4b4659.png,,K,1,,,d102a66664bb99909eba576f4b4b4659.png?imageView2/1/w/80/h/80/,kairui,Y,,0,B,1,0,,国产
weilin,威麟,102,126.0,5.0,,http://www.ganji.com/weilin/,,7972.0,",weilin,威麟,weilin",,,,34a6f9b75790a4681d0199677dba92aa.png,,W,1,,,34a6f9b75790a4681d0199677dba92aa.png?imageView2/1/w/80/h/80/,weilin,Y,,0,B,1,0,,国产
ruilin,瑞麒,103,108.0,5.0,,http://www.ganji.com/ruilin/,,7954.0,",ruiqi,瑞麒,ruiqi",,,,b2da2cd6ee01f4ac5d57e3a16d226ca5.png,,R,1,,,b2da2cd6ee01f4ac5d57e3a16d226ca5.png?imageView2/1/w/80/h/80/,ruiqi,Y,,0,B,1,0,,国产
jiao,广汽吉奥,108,66.0,5.0,,http://www.ganji.com/jiao/,,7912.0,",guangqijiao,广汽吉奥,guangqijiao",,,,0b1e48c540bef19920022458762d6803.png,,G,1,,,0b1e48c540bef19920022458762d6803.png?imageView2/1/w/80/h/80/,guangqijiao,Y,,0,B,1,0,,国产
car_autohome_brand_109,KTM,109,3180.0,,,,,,",KTM,KTM,KTM",,,,,,K,1,,,,KTM,Y,,0,B,1,0,,国产
car_autohome_brand_110,一汽,110,,,,,,,",yiqi,一汽,yiqi",,,,,,Y,1,,,,yiqi,Y,,0,B,1,0,,国产
chuanqiyema,野马汽车,111,24.0,5.0,,http://www.ganji.com/chuanqiyema/,,7870.0,",yemaqiche,野马汽车,yemaqiche",,,,b0fc918d5fd722f0c0a5332220779d20.png,,Y,1,,,b0fc918d5fd722f0c0a5332220779d20.png?imageView2/1/w/80/h/80/,yemaqiche,Y,,0,B,1,0,,国产
gmc,GMC,112,51.0,5.0,,http://www.ganji.com/gmc/,,7897.0,",GMC,GMC,GMC",,,,0896eb060de288d8c3a4998161647d12.png,,G,1,,,0896eb060de288d8c3a4998161647d12.png?imageView2/1/w/80/h/80/,GMC,Y,,0,B,1,0,,美系
car_autohome_brand_113,东风风神,113,,,,,,,",dongfengfengshen,东风风神,dongfengfengshen",,,,,,D,1,,,,dongfengfengshen,Y,,0,B,1,0,,国产
wuling,五菱汽车,114,125.0,5.0,,http://www.ganji.com/wuling/,,7971.0,",wulingqiche,五菱汽车,wulingqiche",,,,c04774f0d8c2ddaf13d735d9e8065813.png,,W,1,,,c04774f0d8c2ddaf13d735d9e8065813.png?imageView2/1/w/80/h/80/,wulingqiche,Y,,0,B,1,0,,国产
galue,光冈,116,45.0,5.0,,http://www.ganji.com/galue/,,7891.0,",guanggang,光冈,guanggang",,,,a606ef710eee90aa7a8fd6c469b56122.png,,G,1,,,a606ef710eee90aa7a8fd6c469b56122.png?imageView2/1/w/80/h/80/,guanggang,Y,,0,B,1,0,,日系
car_autohome_brand_117,AC Schnitzer,117,3181.0,,,,,,",AC Schnitzer,AC Schnitzer,AC Schnitzer",,,,,,A,1,,,,AC Schnitzer,Y,,0,B,1,0,,国产
car_autohome_brand_118,Lorinser,118,3182.0,,,,,,",Lorinser,Lorinser,Lorinser",,,,,,L,1,,,,Lorinser,Y,,0,B,1,0,,国产
car_autohome_brand_119,江铃,119,,,,,,,",jiangling,江铃,jiangling",,,,9eae66ad3a2d3dabdd9ef1c13ce7a23f.png,,J,1,,,9eae66ad3a2d3dabdd9ef1c13ce7a23f.png?imageView2/1/w/80/h/80/,jiangling,Y,,0,B,1,0,,国产
baojun,宝骏,120,15.0,5.0,,http://www.ganji.com/baojun/,,7861.0,",baojun,宝骏,baojun",,,,3d097ce1bc08d4cbc4227806d6943860.png,,B,1,,,3d097ce1bc08d4cbc4227806d6943860.png?imageView2/1/w/80/h/80/,baojun,Y,,0,B,1,0,,国产
logo_245,启辰,122,1857.0,5012.0,,http://product.cheshi.com/logo_245/,,,",qichen,启辰,qichen",,,,feae2dfff9b8a9e8c6e126213bfeff41.jpg,,Q,1,,,feae2dfff9b8a9e8c6e126213bfeff41.jpg?imageView2/1/w/80/h/80/,qichen,Y,,0,B,1,0,,国产
linian,理念,124,90.0,5.0,,http://www.ganji.com/linian/,,7936.0,",linian,理念,linian",,,,f5cc472c4cb5f3df00824103009254c9.png,,L,1,,,f5cc472c4cb5f3df00824103009254c9.png?imageView2/1/w/80/h/80/,linian,Y,,0,B,1,0,,国产
logo_259,迈凯伦,129,1574.0,2840.0,,http://product.cheshi.com/logo_259/,,,",maikailun,迈凯伦,maikailun",,,,fdf489afaaa093ed71143a02a934a97b.png,,M,1,,,fdf489afaaa093ed71143a02a934a97b.png?imageView2/1/w/80/h/80/,maikailun,Y,,0,B,1,0,,欧系
dongfengyulongnazhijie,纳智捷,130,35.0,5.0,,http://www.ganji.com/dongfengyulongnazhijie/,,7881.0,",nazhijie,纳智捷,nazhijie",,,,b565d157612c114ec26b693481cd2f55.png,,N,1,,,b565d157612c114ec26b693481cd2f55.png?imageView2/1/w/80/h/80/,nazhijie,Y,,0,B,1,0,,国产
tesla,特斯拉,133,2377.0,,,,,,",tesila,特斯拉,tesila",,,,6f8c9e6cfa0c3b2fe45e251f6d678498.png,,T,1,,,6f8c9e6cfa0c3b2fe45e251f6d678498.png?imageView2/1/w/80/h/80/,tesila,Y,,0,B,1,0,,美系
barbus,巴博斯,140,1554.0,2840.0,,http://www.taoche.com/buycar/brand/barbus/,,,",babosi,巴博斯,babosi",,,,4577ee10e5dadb885dbb297f527ab6f5.png,,B,1,,,4577ee10e5dadb885dbb297f527ab6f5.png?imageView2/1/w/80/h/80/,babosi,Y,,0,B,1,0,,德系
fudi,福迪,141,36.0,5.0,,http://www.ganji.com/fudi/,,7882.0,",fudi,福迪,fudi",,,,eba749102149e6c5c95f896cfd5ca888.png,,F,1,,,eba749102149e6c5c95f896cfd5ca888.png?imageView2/1/w/80/h/80/,fudi,Y,,0,B,1,0,,国产
car_autohome_brand_142,东风小康,142,,,,,,,",dongfengxiaokang,东风小康,dongfengxiaokang",,,,,,D,1,,,,dongfengxiaokang,Y,,0,B,1,0,,国产
beiqiweiwang,北汽威旺,143,2327.0,0.0,,,,,",beiqiweiwang,北汽威旺,beiqiweiwang",,,,975d481d30f7311f084fac395172d9ef.png,,B,1,,,975d481d30f7311f084fac395172d9ef.png?imageView2/1/w/80/h/80/,beiqiweiwang,Y,,0,B,1,0,,国产
nj-iveco,依维柯,144,100.0,5.0,,http://www.ganji.com/nj-iveco/,,7946.0,",yiweike,依维柯,yiweike",,,,71267e87ac2f663f83f5e96e63e73c45.png,,Y,1,,,71267e87ac2f663f83f5e96e63e73c45.png?imageView2/1/w/80/h/80/,yiweike,Y,,0,B,1,0,,欧系
car_autohome_brand_145,金龙,145,3183.0,,,,,,",jinlong,金龙,jinlong",,,,,,J,1,,,,jinlong,Y,,0,B,1,0,,国产
car_autohome_brand_146,欧朗,146,,,,,,,",oulang,欧朗,oulang",,,,,,O,1,,,,oulang,Y,,0,B,1,0,,国产
haige,海格,150,2331.0,0.0,,,,,",haige,海格,haige",,,,9cb77238f4bba3634c79481e7a52c098.png,,H,1,,,9cb77238f4bba3634c79481e7a52c098.png?imageView2/1/w/80/h/80/,haige,Y,,0,B,1,0,,国产
logo_258,九龙,151,1855.0,5012.0,,http://product.cheshi.com/logo_258/,,,",jiulong,九龙,jiulong",,,,cb3933fbedb6c6491a0d78e9bf5a1f5c.jpg,,J,1,,,cb3933fbedb6c6491a0d78e9bf5a1f5c.jpg?imageView2/1/w/80/h/80/,jiulong,Y,,0,B,1,0,,国产
guanzhi,观致,152,2229.0,0.0,,,,,",guanzhi,观致,guanzhi",,,,e2d127a9d0be32d51c110a655f2b445d.png,,G,1,,,e2d127a9d0be32d51c110a655f2b445d.png?imageView2/1/w/80/h/80/,guanzhi,Y,,0,B,1,0,,国产
beiqizhizao,北汽制造,154,1462.0,2223.0,,http://www.che168.com/china/beiqizhizao/,,,",beiqizhizao,北汽制造,beiqizhizao",,,,65a39b3a45f6dbd69a0bbda88a152762.png,,B,1,,,65a39b3a45f6dbd69a0bbda88a152762.png?imageView2/1/w/80/h/80/,beiqizhizao,Y,,0,B,1,0,,国产
datong,上汽大通,155,31.0,5.0,,http://www.ganji.com/datong/,,7877.0,",shangqidatong,上汽大通,shangqidatong",,,,ef18f0b8013dcdc92f413490237f81d4.png,,S,1,,,ef18f0b8013dcdc92f413490237f81d4.png?imageView2/1/w/80/h/80/,shangqidatong,Y,,0,B,1,0,,国产
logo_269,卡尔森,156,1856.0,5012.0,,http://product.cheshi.com/logo_269/,,,",qiaersen,卡尔森,qiaersen",,,,35fab95fadd9d35c3e4a8da62a07d4aa.png,,Q,1,,,35fab95fadd9d35c3e4a8da62a07d4aa.png?imageView2/1/w/80/h/80/,qiaersen,Y,,0,B,1,0,,德系
tengshi,腾势,161,2388.0,,,,,,",tengshi,腾势,tengshi",,,,79fdc7b9bf903edb9436522acebbdff6.png,,T,1,,,79fdc7b9bf903edb9436522acebbdff6.png?imageView2/1/w/80/h/80/,tengshi,Y,,0,B,1,0,,国产
car_autohome_brand_162,思铭,162,,,,,,,",siming,思铭,siming",,,,,,S,1,,,,siming,Y,,0,B,1,0,,国产
car_autohome_brand_163,长安欧尚,163,,,,,,,",changanoushang,长安欧尚,changanoushang",,,,,,C,1,,,,changanoushang,Y,,0,B,1,0,,国产
car_autohome_brand_165,东风风行,165,,,,,,,",dongfengfengxing,东风风行,dongfengfengxing",,,,,,D,1,,,,dongfengfengxing,Y,,0,B,1,0,,国产
wushiling,五十铃,167,127.0,5.0,,http://www.ganji.com/wushiling/,,7973.0,",wushiling,五十铃,wushiling",,,,8341ca03318bbb174c61507eaf976eb1.png,,W,1,,,8341ca03318bbb174c61507eaf976eb1.png?imageView2/1/w/80/h/80/,wushiling,Y,,0,B,1,0,,日系
car_autohome_brand_168,摩根,168,3184.0,,,,,,",mogen,摩根,mogen",,,,,,M,1,,,,mogen,Y,,0,B,1,0,,国产
logo_270,DS,169,1850.0,5012.0,,http://product.cheshi.com/logo_270/,,,",DS,DS,DS",,,,79abb20cf043c91b4628d9f749715433.png,,D,1,,,79abb20cf043c91b4628d9f749715433.png?imageView2/1/w/80/h/80/,DS,Y,,0,B,1,0,,欧系
beiqishenbao,北汽绅宝,173,2549.0,,,,,,",beiqishenbao,北汽绅宝,beiqishenbao",,,,b57d7f388defd481f8c054a992e5eac6.png,,B,1,,,b57d7f388defd481f8c054a992e5eac6.png?imageView2/1/w/80/h/80/,beiqishenbao,Y,,0,B,1,0,,国产
car_autohome_brand_175,金旅,175,3185.0,,,,,,",jinlv,金旅,jinlv",,,,,,J,1,,,,jinlv,Y,,0,B,1,0,,国产
car_autohome_brand_181,哈弗,181,,,,,,,",hafu,哈弗,hafu",,,,,,H,1,,,,hafu,Y,,0,B,1,0,,国产
xinkai,新凯,185,134.0,5.0,,http://www.ganji.com/xinkai/,,7980.0,",xinkai,新凯,xinkai",,,,2fbaa95a6a27aa6d81ad07703f6e1392.png,,X,1,,,2fbaa95a6a27aa6d81ad07703f6e1392.png?imageView2/1/w/80/h/80/,xinkai,Y,,0,B,1,0,,国产
car_autohome_brand_187,东风风度,187,,,,,,,",dongfengfengdu,东风风度,dongfengfengdu",,,,,,D,1,,,,dongfengfengdu,Y,,0,B,1,0,,国产
yingzhi,潍柴英致,192,2389.0,,,,,,",weichaiyingzhi,潍柴英致,weichaiyingzhi",,,,263a363257307042019fd9ad015f3d69.png,,W,1,,,263a363257307042019fd9ad015f3d69.png?imageView2/1/w/80/h/80/,weichaiyingzhi,Y,,0,B,1,0,,国产
car_autohome_brand_196,成功汽车,196,3187.0,,,,,,",chenggongqiche,成功汽车,chenggongqiche",,,,,,C,1,,,,chenggongqiche,Y,,0,B,1,0,,国产
qiteng,福汽启腾,197,2562.0,,,,,,",fuqiqiteng,福汽启腾,fuqiqiteng",,,,afad8c1663d2312b07fe320f0efdfe7a.png,,F,1,,,afad8c1663d2312b07fe320f0efdfe7a.png?imageView2/1/w/80/h/80/,fuqiqiteng,Y,,0,B,1,0,,国产
qiawei,卡威,199,2561.0,,,,,,",qiawei,卡威,qiawei",,,,5fd65f1ac815823d0e68dfd18ee50c43.png,,Q,1,,,5fd65f1ac815823d0e68dfd18ee50c43.png?imageView2/1/w/80/h/80/,qiawei,Y,,0,B,1,0,,国产
car_autohome_brand_202,泰卡特,202,3188.0,,,,,,",taiqiate,泰卡特,taiqiate",,,,,,T,1,,,,taiqiate,Y,,0,B,1,0,,国产
huansu,北汽幻速,203,2479.0,,,,,,",beiqihuansu,北汽幻速,beiqihuansu",,,,df311b4274e745ad1b2475244f6f3dd8.png,,B,1,,,df311b4274e745ad1b2475244f6f3dd8.png?imageView2/1/w/80/h/80/,beiqihuansu,Y,,0,B,1,0,,国产
car_autohome_brand_205,赛麟,205,3190.0,,,,,,",sailin,赛麟,sailin",,,,,,S,1,,,,sailin,Y,,0,B,1,0,,国产
zhdu,知豆,206,3077.0,,,,,,",zhidou,知豆,zhidou",,,,30930cbbfdb9d4c1efb20577b0d02eaa.jpg,,Z,1,,,30930cbbfdb9d4c1efb20577b0d02eaa.jpg?imageView2/1/w/80/h/80/,zhidou,Y,,0,B,1,0,,国产
car_autohome_brand_208,北汽新能源,208,,,,,,,",beiqixinnengyuan,北汽新能源,beiqixinnengyuan",,,,,,B,1,,,,beiqixinnengyuan,Y,,0,B,1,0,,国产
car_autohome_brand_210,江铃集团轻汽,210,,,,,,,",jianglingjituanqingqi,江铃集团轻汽,jianglingjituanqingqi",,,,,,J,1,,,,jianglingjituanqingqi,Y,,0,B,1,0,,国产
car_autohome_brand_213,南京金龙,213,3191.0,,,,,,",nanjingjinlong,南京金龙,nanjingjinlong",,,,,,N,1,,,,nanjingjinlong,Y,,0,B,1,0,,国产
kaiyi,凯翼,214,2505.0,,,,,,",kaiyi,凯翼,kaiyi",,,,93aae5ff08a0ebcc7712be5bfbe719c4.png,,K,1,,,93aae5ff08a0ebcc7712be5bfbe719c4.png?imageView2/1/w/80/h/80/,kaiyi,Y,,0,B,1,0,,国产
car_autohome_brand_219,全球鹰,219,,,,,,,",quanqiuying,全球鹰,quanqiuying",,,,,,Q,1,,,,quanqiuying,Y,,0,B,1,0,,国产
huasong,华颂,220,2510.0,,,,,,",huasong,华颂,huasong",,,,6dc3dd53ae91238db7c4da39b5e21f6e.png,,H,1,,,6dc3dd53ae91238db7c4da39b5e21f6e.png?imageView2/1/w/80/h/80/,huasong,Y,,0,B,1,0,,国产
baowo,宝沃,231,2639.0,,,,,,",baowo,宝沃,baowo",,,,40707f9f352a01fa0077ed4424766678.png,,B,1,,,40707f9f352a01fa0077ed4424766678.png?imageView2/1/w/80/h/80/,baowo,Y,,0,B,1,0,,德系
car_autohome_brand_232,御捷,232,3193.0,,,,,,",yujie,御捷,yujie",,,,,,Y,1,,,,yujie,Y,,0,B,1,0,,国产
car_autohome_brand_241,LOCAL MOTORS,241,3194.0,,,,,,",LOCAL MOTORS,LOCAL MOTORS,LOCAL MOTORS",,,,,,L,1,,,,LOCAL MOTORS,Y,,0,B,1,0,,国产
car_autohome_brand_245,华凯,245,3195.0,,,,,,",huakai,华凯,huakai",,,,,,H,1,,,,huakai,Y,,0,B,1,0,,国产
car_autohome_brand_259,东风风光,259,,,,,,,",dongfengfengguang,东风风光,dongfengfengguang",,,,,,D,1,,,,dongfengfengguang,Y,,0,B,1,0,,国产
car_autohome_brand_260,华泰新能源,260,,,,,,,",huataixinnengyuan,华泰新能源,huataixinnengyuan",,,,,,H,1,,,,huataixinnengyuan,Y,,0,B,1,0,,国产
car_autohome_brand_263,驭胜,263,,,,,,,",yusheng,驭胜,yusheng",,,,,,Y,1,,,,yusheng,Y,,0,B,1,0,,国产
hanteng,汉腾汽车,267,2719.0,,,,,,",hantengqiche,汉腾汽车,hantengqiche",,,,3b43b6a4509e4ec6b1c3622e50e8acd1.png,,H,1,,,3b43b6a4509e4ec6b1c3622e50e8acd1.png?imageView2/1/w/80/h/80/,hantengqiche,Y,,0,B,1,0,,国产
siwei,SWM斯威汽车,269,2707.0,,,,,,",SWMsiweiqiche,SWM斯威汽车,SWMsiweiqiche",,,,679f9863ebd3a14243bdeb8f89879fe2.png,,S,1,,,679f9863ebd3a14243bdeb8f89879fe2.png?imageView2/1/w/80/h/80/,SWMsiweiqiche,Y,,0,B,1,0,,国产
car_autohome_brand_270,江铃集团新能源,270,,,,,,,",jianglingjituanxinnengyuan,江铃集团新能源,jianglingjituanxinnengyuan",,,,,,J,1,,,,jianglingjituanxinnengyuan,Y,,0,B,1,0,,国产
dink,电咖,280,3153.0,,,,,,",dianka,电咖,dianka",,,,,,D,1,,,,dianka,Y,,0,B,1,0,,国产
car_autohome_brand_282,福田乘用车,282,,,,,,,",futianchengyongche,福田乘用车,futianchengyongche",,,,,,F,1,,,,futianchengyongche,Y,,0,B,1,0,,国产
WEY,WEY,283,2818.0,,,,,,",WEY,WEY,WEY",,,,7a82904b5fe735cbb62c59a599393178.png,,W,1,,,7a82904b5fe735cbb62c59a599393178.png?imageView2/1/w/80/h/80/,WEY,Y,,0,B,1,0,,国产
wiliqch,蔚来,284,2963.0,,,,,,",weilai,蔚来,weilai",,,,b29df5714b87064e41172d16c46aaf8a.png,,W,1,,,b29df5714b87064e41172d16c46aaf8a.png?imageView2/1/w/80/h/80/,weilai,Y,,0,B,1,0,,国产
ynd,云度,286,2884.0,,,,,,",yundu,云度,yundu",,,,3452f83412b8fa87b1832e7714adc293.png,,Y,1,,,3452f83412b8fa87b1832e7714adc293.png?imageView2/1/w/80/h/80/,yundu,Y,,0,B,1,0,,国产
changanshangyong,长安轻型车,294,1463.0,2223.0,,http://www.che168.com/china/changanshangyong/,,,",changanqingxingche,长安轻型车,changanqingxingche",,,,12342587ca6c751f199cf7a6bde11777.png,,C,1,,,12342587ca6c751f199cf7a6bde11777.png?imageView2/1/w/80/h/80/,changanqingxingche,Y,,0,B,1,0,,国产
car_autohome_brand_296,瑞驰新能源,296,3197.0,,,,,,",ruichixinnengyuan,瑞驰新能源,ruichixinnengyuan",,,,,,R,1,,,,ruichixinnengyuan,Y,,0,B,1,0,,国产
jnmqch,君马汽车,297,2989.0,,,,,,",junmaqiche,君马汽车,junmaqiche",,,,50ec1c3279ace5f4927d2aaa05cc8c9a.png,,J,1,,,50ec1c3279ace5f4927d2aaa05cc8c9a.png?imageView2/1/w/80/h/80/,junmaqiche,Y,,0,B,1,0,,国产
car_autohome_brand_299,长安跨越,299,3199.0,,,,,,",changankuayue,长安跨越,changankuayue",,,,,,C,1,,,,changankuayue,Y,,0,B,1,0,,国产
car_autohome_brand_304,国金汽车,304,3200.0,,,,,,",guojinqiche,国金汽车,guojinqiche",,,,,,G,1,,,,guojinqiche,Y,,0,B,1,0,,国产
car_autohome_brand_306,鑫源,306,3201.0,,,,,,",xinyuan,鑫源,xinyuan",,,,,,X,1,,,,xinyuan,Y,,0,B,1,0,,国产
car_autohome_brand_313,广汽新能源,313,,,,,,,",guangqixinnengyuan,广汽新能源,guangqixinnengyuan",,,,,,G,1,,,,guangqixinnengyuan,Y,,0,B,1,0,,国产
car_autohome_brand_335,LITE,335,3208.0,,,,,,",LITE,LITE,LITE",,,,,,L,1,,,,LITE,Y,,0,B,1,0,,国产
car_autohome_brand_343,领途汽车,343,3211.0,,,,,,",lingtuqiche,领途汽车,lingtuqiche",,,,,,L,1,,,,lingtuqiche,Y,,0,B,1,0,,国产
car_autohome_brand_61,帕加尼,61,3177.0,,,,,,",pajiani,帕加尼,pajiani",,,,,,P,1,,,,pajiani,Y,,0,B,1,0,,国产
logo_266,恒天,164,1859.0,5012.0,,http://product.cheshi.com/logo_266/,,,",hengtian,恒天,hengtian",,,,dd066a96bc99aac7cd9c759f93cb58b7.png,,H,1,,,dd066a96bc99aac7cd9c759f93cb58b7.png?imageView2/1/w/80/h/80/,hengtian,Y,,0,B,1,0,,国产
logo_271,如虎,174,1852.0,5012.0,,http://product.cheshi.com/logo_271/,,,",ruhu,如虎,ruhu",,,,56761247618aab0c7bcf7655ad1b5f25.png,,R,1,,,56761247618aab0c7bcf7655ad1b5f25.png?imageView2/1/w/80/h/80/,ruhu,Y,,0,B,1,0,,德系
zhnu,之诺,182,2844.0,,,,,,",zhinuo,之诺,zhinuo",,,,1869d40b749ffcbaefa86ce01da4f20a.png,,Z,1,,,1869d40b749ffcbaefa86ce01da4f20a.png?imageView2/1/w/80/h/80/,zhinuo,Y,,0,B,1,0,,国产
car_autohome_brand_184,华骐,184,3186.0,,,,,,",huaqi,华骐,huaqi",,,,,,H,1,,,,huaqi,Y,,0,B,1,0,,国产
car_autohome_brand_204,陆地方舟,204,3189.0,,,,,,",ludifangzhou,陆地方舟,ludifangzhou",,,,,,L,1,,,,ludifangzhou,Y,,0,B,1,0,,国产
car_autohome_brand_222,乔治・巴顿,222,3192.0,,,,,,",qiaozhi・badun,乔治・巴顿,qiaozhi・badun",,,,,,Q,1,,,,qiaozhi・badun,Y,,0,B,1,0,,国产
qint,前途,235,3085.0,,,,,,",qiantu,前途,qiantu",,,,8354eff11e9ef2859329087220c7073f.png,,Q,1,,,8354eff11e9ef2859329087220c7073f.png?imageView2/1/w/80/h/80/,qiantu,Y,,0,B,1,0,,国产
bs,比速汽车,271,2768.0,,,,,,",bisuqiche,比速汽车,bisuqiche",,,,30a638811c92e7cedcb24813b6337127.png,,B,1,,,30a638811c92e7cedcb24813b6337127.png?imageView2/1/w/80/h/80/,bisuqiche,Y,,0,B,1,0,,国产
car_autohome_brand_275,小鹏汽车,275,3213.0,,,,,,",xiaopengqiche,小鹏汽车,xiaopengqiche",,,,,,X,1,,,,xiaopengqiche,Y,,0,B,1,0,,国产
car_autohome_brand_276,ALPINA,276,3196.0,,,,,,",ALPINA,ALPINA,ALPINA",,,,,,A,1,,,,ALPINA,Y,,0,B,1,0,,国产
lngk,领克,279,2892.0,,,,,,",lingke,领克,lingke",,,,4469bfab55595b1579903966ea488883.png,,L,1,,,4469bfab55595b1579903966ea488883.png?imageView2/1/w/80/h/80/,lingke,Y,,0,B,1,0,,国产
wim,威马汽车,291,3084.0,,,,,,",weimaqiche,威马汽车,weimaqiche",,,,98a3885576c6371917d0488ef4458c82.jpg,,W,1,,,98a3885576c6371917d0488ef4458c82.jpg?imageView2/1/w/80/h/80/,weimaqiche,Y,,0,B,1,0,,国产
car_autohome_brand_295,NEVS国能汽车,295,,,,,,,",NEVSguonengqiche,NEVS国能汽车,NEVSguonengqiche",,,,,,N,1,,,,NEVSguonengqiche,Y,,0,B,1,0,,国产
car_autohome_brand_298,宇通客车,298,3198.0,,,,,,",yutongkeche,宇通客车,yutongkeche",,,,,,Y,1,,,,yutongkeche,Y,,0,B,1,0,,国产
dod,北汽道达,301,2990.0,,,,,,",beiqidaoda,北汽道达,beiqidaoda",,,,0d59dc4f3b08749d9b0c5b53c9f6809f.png,,B,1,,,0d59dc4f3b08749d9b0c5b53c9f6809f.png?imageView2/1/w/80/h/80/,beiqidaoda,Y,,0,B,1,0,,国产
car_autohome_brand_307,裕路,307,3202.0,,,,,,",yulu,裕路,yulu",,,,,,Y,1,,,,yulu,Y,,0,B,1,0,,国产
car_autohome_brand_308,Polestar,308,3203.0,,,,,,",Polestar,Polestar,Polestar",,,,,,P,1,,,,Polestar,Y,,0,B,1,0,,国产
car_autohome_brand_312,庆铃汽车,312,3204.0,,,,,,",qinglingqiche,庆铃汽车,qinglingqiche",,,,,,Q,1,,,,qinglingqiche,Y,,0,B,1,0,,国产
ynqu,云雀汽车,317,3031.0,,,,,,",yunqueqiche,云雀汽车,yunqueqiche",,,,fbe51aa9c441cbb3966c85a48e9fee09.png,,Y,1,,,fbe51aa9c441cbb3966c85a48e9fee09.png?imageView2/1/w/80/h/80/,yunqueqiche,Y,,0,B,1,0,,国产
car_autohome_brand_318,零跑汽车,318,3214.0,,,,,,",lingpaoqiche,零跑汽车,lingpaoqiche",,,,,,L,1,,,,lingpaoqiche,Y,,0,B,1,0,,国产
jit,捷途,319,3082.0,,,,,,",jietu,捷途,jietu",,,,95e45d10dcb3ad273ccb0061ba2b6583.png,,J,1,,,95e45d10dcb3ad273ccb0061ba2b6583.png?imageView2/1/w/80/h/80/,jietu,Y,,0,B,1,0,,国产
xnt,新特汽车,324,3112.0,,,,,,",xinteqiche,新特汽车,xinteqiche",,,,651a609ec86e866d50df93664b520a24.png,,X,1,,,651a609ec86e866d50df93664b520a24.png?imageView2/1/w/80/h/80/,xinteqiche,Y,,0,B,1,0,,国产
car_autohome_brand_326,东风・瑞泰特,326,3205.0,,,,,,",dongfeng・ruitaite,东风・瑞泰特,dongfeng・ruitaite",,,,,,D,1,,,,dongfeng・ruitaite,Y,,0,B,1,0,,国产
car_autohome_brand_329,广汽集团,329,3206.0,,,,,,",guangqijituan,广汽集团,guangqijituan",,,,,,G,1,,,,guangqijituan,Y,,0,B,1,0,,国产
car_autohome_brand_331,欧拉,331,,,,,,,",oula,欧拉,oula",,,,,,O,1,,,,oula,Y,,0,B,1,0,,国产
car_autohome_brand_332,欧尚汽车,332,3207.0,,,,,,",oushangqiche,欧尚汽车,oushangqiche",,,,,,O,1,,,,oushangqiche,Y,,0,B,1,0,,国产
car_autohome_brand_333,北京清行,333,3215.0,,,,,,",beijingqingxing,北京清行,beijingqingxing",,,,,,B,1,,,,beijingqingxing,Y,,0,B,1,0,,国产
car_autohome_brand_334,哪吒汽车,334,3216.0,,,,,,",nazhaqiche,哪吒汽车,nazhaqiche",,,,,,N,1,,,,nazhaqiche,Y,,0,B,1,0,,国产
car_autohome_brand_336,红星汽车,336,3209.0,,,,,,",hongxingqiche,红星汽车,hongxingqiche",,,,,,H,1,,,,hongxingqiche,Y,,0,B,1,0,,国产
car_autohome_brand_337,容大智造,337,3210.0,,,,,,",rongdazhizao,容大智造,rongdazhizao",,,,,,R,1,,,,rongdazhizao,Y,,0,B,1,0,,国产
dchng,大乘汽车,341,3111.0,,,,,,",dachengqiche,大乘汽车,dachengqiche",,,,636758b451de88f941e1d4925112005c.png,,D,1,,,636758b451de88f941e1d4925112005c.png?imageView2/1/w/80/h/80/,dachengqiche,Y,,0,B,1,0,,国产
car_autohome_brand_346,罗夫哈特,346,3212.0,,,,,,",luofuhate,罗夫哈特,luofuhate",,,,,,L,1,,,,luofuhate,Y,,0,B,1,0,,国产
